<?xml version="1.0" encoding="UTF-8"?>
<project-private xmlns="http://www.netbeans.org/ns/project-private/1">
    <editor-bookmarks xmlns="http://www.netbeans.org/ns/editor-bookmarks/2" lastBookmarkId="0"/>
    <open-files xmlns="http://www.netbeans.org/ns/projectui-open-files/2">
        <group>
            <file>file:/D:/CETI%20Colomos/8vo%20Semestre/Programación%20Aplicada%20Avanzada/NetBeansProjects/Tercer%20Parcial/Cocommerce/cococooc/cococooc/mercado_eCoCo/src/java/tablassolicitudes/mod/DatosSolicitudes.java</file>
            <file>file:/D:/CETI%20Colomos/8vo%20Semestre/Programación%20Aplicada%20Avanzada/NetBeansProjects/Tercer%20Parcial/Cocommerce/cococooc/cococooc/mercado_eCoCo/web/Solicitudes.xhtml</file>
            <file>file:/D:/CETI%20Colomos/8vo%20Semestre/Programación%20Aplicada%20Avanzada/NetBeansProjects/Tercer%20Parcial/Cocommerce/cococooc/cococooc/mercado_eCoCo/web/Perfil.xhtml</file>
            <file>file:/D:/CETI%20Colomos/8vo%20Semestre/Programación%20Aplicada%20Avanzada/NetBeansProjects/Tercer%20Parcial/Cocommerce/cococooc/cococooc/mercado_eCoCo/src/java/tablas/MbTablas.java</file>
            <file>file:/D:/CETI%20Colomos/8vo%20Semestre/Programación%20Aplicada%20Avanzada/NetBeansProjects/Tercer%20Parcial/Cocommerce/cococooc/cococooc/mercado_eCoCo/web/Pedidos.xhtml</file>
            <file>file:/D:/CETI%20Colomos/8vo%20Semestre/Programación%20Aplicada%20Avanzada/NetBeansProjects/Tercer%20Parcial/Cocommerce/cococooc/cococooc/mercado_eCoCo/src/java/tablassolicitudes/MbTablasSolicitudes.java</file>
        </group>
    </open-files>
</project-private>
